{
  "upnl": 840253.4260677749,
  "share": 93.89298508282445,
  "amount": 1258815.325381426,
  "evolution": -13189.50236198539,
  "upnl_percent": 200.74770958503493,
  "evolution_percent": -1.0006376313251428,
  "period_evolution": 473812.4033245796,
  "period_evolution_percent": 60.35804326474445
}